Chromosome	Position	iHS_Score	Mean_iHS	Std_iHS	Population
10	12260019	0.587437	0.019338865454545433	1.0438931656407349	GIH
10	12260019	0.500097	0.019338865454545433	1.0438931656407349	PJL
10	94477219	0.998158	0.019338865454545433	1.0438931656407349	GIH
10	94477219	1.03585	0.019338865454545433	1.0438931656407349	PJL
10	114758349	0.0923244	0.019338865454545433	1.0438931656407349	GIH
10	114758349	-0.434046	0.019338865454545433	1.0438931656407349	PJL
11	2857897	-0.0162269	0.019338865454545433	1.0438931656407349	GIH
11	2857897	-0.123857	0.019338865454545433	1.0438931656407349	PJL
11	69454707	-1.38354	0.019338865454545433	1.0438931656407349	GIH
11	69454707	-1.32618	0.019338865454545433	1.0438931656407349	PJL
11	92708710	0.00592878	0.019338865454545433	1.0438931656407349	GIH
11	92708710	0.354157	0.019338865454545433	1.0438931656407349	PJL
16	53803574	0.257804	0.019338865454545433	1.0438931656407349	GIH
16	53803574	0.875236	0.019338865454545433	1.0438931656407349	PJL
17	36103565	0.866441	0.019338865454545433	1.0438931656407349	GIH
17	36103565	0.566953	0.019338865454545433	1.0438931656407349	PJL
2	165508389	-2.00487	0.019338865454545433	1.0438931656407349	GIH
2	165508389	-2.20164	0.019338865454545433	1.0438931656407349	PJL
2	227092405	-0.230239	0.019338865454545433	1.0438931656407349	GIH
2	227092405	-0.560129	0.019338865454545433	1.0438931656407349	PJL
20	42999630	-0.0673474	0.019338865454545433	1.0438931656407349	GIH
20	42999630	-0.0302864	0.019338865454545433	1.0438931656407349	PJL
3	12393125	-0.32112	0.019338865454545433	1.0438931656407349	GIH
3	12393125	-0.310415	0.019338865454545433	1.0438931656407349	PJL
3	23261334	1.0756	0.019338865454545433	1.0438931656407349	GIH
3	23261334	1.42125	0.019338865454545433	1.0438931656407349	PJL
3	123087916	1.90929	0.019338865454545433	1.0438931656407349	GIH
3	123087916	1.71128	0.019338865454545433	1.0438931656407349	PJL
3	185511687	-1.48686	0.019338865454545433	1.0438931656407349	GIH
3	185511687	-1.9721	0.019338865454545433	1.0438931656407349	PJL
6	20675792	-0.497978	0.019338865454545433	1.0438931656407349	GIH
6	20675792	0.107123	0.019338865454545433	1.0438931656407349	PJL
7	15064896	0.0407426	0.019338865454545433	1.0438931656407349	GIH
7	15064896	0.101137	0.019338865454545433	1.0438931656407349	PJL
8	41507350	-0.490154	0.019338865454545433	1.0438931656407349	GIH
8	41507350	0.20504	0.019338865454545433	1.0438931656407349	PJL
8	118191475	1.09052	0.019338865454545433	1.0438931656407349	GIH
8	118191475	1.17157	0.019338865454545433	1.0438931656407349	PJL
9	4290085	1.567	0.019338865454545433	1.0438931656407349	GIH
9	4290085	1.22131	0.019338865454545433	1.0438931656407349	PJL
9	22134253	-1.61742	0.019338865454545433	1.0438931656407349	GIH
9	22134253	-1.81427	0.019338865454545433	1.0438931656407349	PJL
9	139245460	-0.142789	0.019338865454545433	1.0438931656407349	GIH
9	139245460	0.120129	0.019338865454545433	1.0438931656407349	PJL
