varId	alignment	alt	ancestry	beta	chromosome	clumpEnd	clumpStart	dataset	inMetaTypes	leadSNP	n	pValue	phenotype	position	posteriorProbability	reference	source	stdErr	clump	dbSNP	consequence	nearest	minorAllele	maf	af
10:114758349:C:T	1	T	SA	0.244	10	114824977	114729482	bottom-line_analysis_T2D_SA	bottom-line;min_p;largest	True	146636.0	1.832e-64	T2D	114758349	0.5944093473896015	C	bottom-line_analysis_common	0.0086	1_bottom-line_analysis_common	rs7903146	intron_variant	TCF7L2	T	0.2278	"{""AA"":0.2602,""EA"":0.0228,""EU"":0.3171,""HS"":0.2349,""SA"":0.2986}"
3:185511687:G:T	1	T	SA	0.1163	3	185548684	185286494	bottom-line_analysis_T2D_SA	bottom-line;min_p;largest	True	101943.0	1.516e-18	T2D	185511687	0.05891541939179	G	bottom-line_analysis_common	0.0097	7_bottom-line_analysis_common	rs4402960	intron_variant	IGF2BP2	T	0.389	"{""AA"":0.5666,""EA"":0.249,""EU"":0.3042,""HS"":0.2839,""SA"":0.455}"
6:20675792:C:A	1	A	SA	0.1257	6	20833560	20540216	bottom-line_analysis_T2D_SA	bottom-line;min_p;largest	True	101943.0	7.3e-18	T2D	20675792	0.2919389098745286	C	bottom-line_analysis_common	0.0107	5_bottom-line_analysis_common	rs35261542	intron_variant	CDKAL1	A	0.2776	"{""AA"":0.2209,""EA"":0.3859,""EU"":0.2793,""HS"":0.2392,""SA"":0.2679}"
9:22134253:G:A	1	A	SA	-0.1562	9	22139221	22128180	bottom-line_analysis_T2D_SA	bottom-line;min_p;largest	True	101943.0	8.258e-16	T2D	22134253	0.2553107396169127	G	bottom-line_analysis_common	0.0142	14_bottom-line_analysis_common	rs10811662	intergenic_variant	CDKN2B	A	0.1907	"{""AA"":0.0938,""EA"":0.4365,""EU"":0.168,""HS"":0.134,""SA"":0.1319}"
3:1855054:G:A	1	A	SA	0.1122	3	1855055	1855054	bottom-line_analysis_T2D_SA	bottom-line;min_p	True	44692.9	2.936e-14	T2D	1855054	1.0	G	bottom-line_analysis_rare	0.0148	36_bottom-line_analysis_rare	rs542226752	intergenic_variant	CNTN4	A	0.0002	"{""SA"":0.001}"
10:94477219:T:A	1	A	SA	-0.0985	10	94495754	94248310	bottom-line_analysis_T2D_SA	bottom-line;min_p;largest	True	101943.0	7.887e-14	T2D	94477219	0.1091446642121216	T	bottom-line_analysis_common	0.0097	4_bottom-line_analysis_common	rs10748582	intergenic_variant	HHEX	A	0.4327	"{""AA"":0.0439,""EA"":0.8125,""EU"":0.3757,""HS"":0.4236,""SA"":0.6319}"
20:42999630:A:C	1	C	SA	0.1019	20	43018261	42839990	bottom-line_analysis_T2D_SA	bottom-line;min_p;largest	True	146636.0	2.571e-13	T2D	42999630	0.2778536708747181	A	bottom-line_analysis_common	0.0084	17_bottom-line_analysis_common	rs6103716	intron_variant	HNF4A	C	0.4359	"{""AA"":0.4077,""EA"":0.504,""EU"":0.3598,""HS"":0.5476,""SA"":0.4029}"
3:185547712:G:A	1	A	SA	0.1068	3	185547713	185547712	bottom-line_analysis_T2D_SA	bottom-line;min_p	True	44692.9	3.666e-13	T2D	185547712	1.0	G	bottom-line_analysis_common	0.0147	27_bottom-line_analysis_common	rs114598740	upstream_gene_variant	IGF2BP2	A	0.0026	"{""AA"":0.0091,""SA"":0.001}"
3:185512181:G:A	1	A	SA	0.1093	3	185512182	185512181	bottom-line_analysis_T2D_SA	bottom-line;min_p	True	44692.9	1.474e-12	T2D	185512181	1.0	G	bottom-line_analysis_common	0.0154	26_bottom-line_analysis_common	rs539885042	intron_variant	IGF2BP2	A	0.0008	"{""HS"":0.0029,""SA"":0.002}"
3:123087916:T:A	1	A	SA	-0.108	3	123131255	123051019	bottom-line_analysis_T2D_SA	bottom-line;min_p;largest	True	101943.0	2.09e-11	T2D	123087916	0.11798675983681	T	bottom-line_analysis_common	0.0118	15_bottom-line_analysis_common	rs35841686	intron_variant	ADCY5	A	0.1713	"{""AA"":0.1921,""EA"":0.004,""EU"":0.1918,""HS"":0.3184,""SA"":0.1902}"
8:118191475:C:T	1	T	SA	-0.1051	8	118225199	118184783	bottom-line_analysis_T2D_SA	bottom-line;min_p;largest	True	146636.0	2.894e-11	T2D	118191475	0.1941917414790837	C	bottom-line_analysis_common	0.0095	23_bottom-line_analysis_common	rs35859536	downstream_gene_variant	SLC30A8	T	0.2574	"{""AA"":0.0779,""EA"":0.4613,""EU"":0.2843,""HS"":0.268,""SA"":0.2546}"
11:2857897:G:A	1	A	SA	-0.1019	11	2858801	2836213	bottom-line_analysis_T2D_SA	bottom-line;min_p;largest	True	146636.0	5.415e-11	T2D	2857897	0.395207340103674	G	bottom-line_analysis_common	0.0093	13_bottom-line_analysis_common	rs234866	intron_variant	CDKN1C	A	0.2043	"{""AA"":0.0983,""EA"":0.1677,""EU"":0.2952,""HS"":0.1571,""SA"":0.3252}"
10:12260019:C:T	1	T	SA	0.1065	10	12332064	12245520	bottom-line_analysis_T2D_SA	bottom-line;min_p;largest	True	101943.0	9.796e-11	T2D	12260019	0.2051633334686113	C	bottom-line_analysis_common	0.0119	19_bottom-line_analysis_common	rs10906100	intron_variant	CDC123	T	0.3081	"{""AA"":0.2746,""EA"":0.5397,""EU"":0.2604,""HS"":0.2867,""SA"":0.1789}"
17:36103565:G:A	1	A	SA	-0.09	17	36103873	36093022	bottom-line_analysis_T2D_SA	bottom-line;min_p	True	101943.0	1.465e-10	T2D	36103565	0.3170497310188292	G	bottom-line_analysis_common	0.0104	25_bottom-line_analysis_common	rs11263763	intron_variant	HNF1B	G	0.3552	"{""AA"":0.6188,""EA"":0.7599,""EU"":0.5249,""HS"":0.6225,""SA"":0.7004}"
6:20674580:G:A	1	A	SA	0.1078	6	20674581	20674580	bottom-line_analysis_T2D_SA	bottom-line;min_p	True	44692.9	1.717e-10	T2D	20674580	1.0	G	bottom-line_analysis_common	0.0169	32_bottom-line_analysis_common	rs73732735	intron_variant	CDKAL1	A	0.1036	"{""AA"":0.3676,""EU"":0.002,""HS"":0.0432,""SA"":0.001}"
11:92708710:C:G	1	G	SA	0.0888	11	92726585	92671802	bottom-line_analysis_T2D_SA	bottom-line	True	101943.0	2.08e-10	T2D	92708710	0.3297573093739858	C	bottom-line_analysis_common	0.0103	11_bottom-line_analysis_common	rs10830963	intron_variant	MTNR1B	G	0.2602	"{""AA"":0.0272,""EA"":0.4226,""EU"":0.2883,""HS"":0.1931,""SA"":0.4264}"
6:2069348:G:A	1	A	SA	0.1079	6	2069349	2069348	bottom-line_analysis_T2D_SA	bottom-line;min_p	True	44692.9	2.18e-10	T2D	2069348	1.0	G	bottom-line_analysis_common	0.017	30_bottom-line_analysis_common	rs372086544	intron_variant	GMDS	A	0.0018	"{""AA"":0.0008,""EA"":0.003,""EU"":0.003,""HS"":0.0014,""SA"":0.001}"
10:122600388:C:T	1	T	SA	0.1162	10	122600389	122600388	bottom-line_analysis_T2D_SA	bottom-line;min_p	True	44692.9	2.254e-10	T2D	122600388	1.0	C	bottom-line_analysis_common	0.0183	21_bottom-line_analysis_common	rs541539081	intron_variant	WDR11	T	0.0014	"{""SA"":0.0072}"
10:94481934:G:A	1	A	SA	-0.0926	10	94481935	94481934	bottom-line_analysis_T2D_SA	bottom-line;min_p	True	44692.9	2.954e-10	T2D	94481934	1.0	G	bottom-line_analysis_common	0.0147	28_bottom-line_analysis_common	rs187490707	intergenic_variant	HHEX	A	0.0054	"{""EA"":0.0258,""SA"":0.001}"
10:9446894:G:A	1	A	SA	-0.0932	10	9446895	9446894	bottom-line_analysis_T2D_SA	bottom-line;min_p	True	44692.9	3.006e-10	T2D	9446894	1.0	G	bottom-line_analysis_common	0.0148	29_bottom-line_analysis_common	rs563632195	intergenic_variant	GATA3	A	0.0044	"{""SA"":0.0225}"
7:15064896:T:G	1	G	SA	0.0833	7	15066046	15031450	bottom-line_analysis_T2D_SA	bottom-line	True	61009.0	5.386e-10	T2D	15064896	0.0884791245953562	T	bottom-line_analysis_common	0.0133	8_bottom-line_analysis_common	rs4721401	intergenic_variant	DGKB	T	0.4305	"{""AA"":0.5507,""EA"":0.6845,""EU"":0.508,""HS"":0.4625,""SA"":0.6155}"
3:185468717:C:T	1	T	SA	0.0988	3	185468718	185468717	bottom-line_analysis_T2D_SA	bottom-line;min_p	True	44692.9	5.685e-10	T2D	185468717	1.0	C	bottom-line_analysis_common	0.0159	31_bottom-line_analysis_common	rs62289125	intron_variant	C3orf65	T	0.0048	"{""AA"":0.0008,""EU"":0.0159,""HS"":0.0072,""SA"":0.002}"
11:69454707:G:T	1	T	SA	-0.1568	11	69511119	69448758	bottom-line_analysis_T2D_SA	bottom-line	True	101943.0	7.318e-10	T2D	69454707	0.1125358764176901	G	bottom-line_analysis_common	0.0187	10_bottom-line_analysis_common	rs3212859	upstream_gene_variant	CCND1	T	0.1024	"{""AA"":0.2194,""EA"":0.0317,""EU"":0.0328,""HS"":0.0519,""SA"":0.1247}"
3:185473059:C:T	1	T	SA	0.0973	3	185473060	185473059	bottom-line_analysis_T2D_SA	bottom-line;min_p	True	44692.9	8.403e-10	T2D	185473059	1.0	C	bottom-line_analysis_common	0.0159	33_bottom-line_analysis_common	rs141646199	intron_variant	C3orf65	T	0.002	"{""EU"":0.003,""HS"":0.0014,""SA"":0.0061}"
2:227092405:T:A	1	A	SA	0.0974	2	227164654	227020653	bottom-line_analysis_T2D_SA	bottom-line	True	101943.0	2.166e-09	T2D	227092405	0.1210547601616629	T	bottom-line_analysis_common	0.012	2_bottom-line_analysis_common	rs1515104	intergenic_variant	IRS1	T	0.1889	"{""AA"":0.8525,""EA"":0.9315,""EU"":0.6382,""HS"":0.7925,""SA"":0.8221}"
2:165508389:C:T	1	T	SA	-0.0915	2	165687187	165501849	bottom-line_analysis_T2D_SA	bottom-line;min_p;largest	True	101943.0	2.921e-09	T2D	165508389	0.149353494937467	C	bottom-line_analysis_common	0.0113	6_bottom-line_analysis_common	rs10184004	downstream_gene_variant	GRB14	T	0.3996	"{""AA"":0.7988,""EA"":0.0962,""EU"":0.4433,""HS"":0.2622,""SA"":0.2249}"
20:42982562:C:T	1	T	SA	0.0938	20	42982563	42982562	bottom-line_analysis_T2D_SA	bottom-line;min_p	True	44692.9	3.84e-09	T2D	42982562	1.0	C	bottom-line_analysis_common	0.0159	22_bottom-line_analysis_common	rs371333194	upstream_gene_variant	HNF4A	T	0.003	"{""EA"":0.0129,""SA"":0.002}"
3:185530177:G:A	1	A	SA	0.0959	3	185530178	185530177	bottom-line_analysis_T2D_SA	bottom-line;min_p	True	44692.9	4.176e-09	T2D	185530177	1.0	G	bottom-line_analysis_common	0.0163	20_bottom-line_analysis_common	rs138960826	intron_variant	IGF2BP2	A	0.014	"{""AA"":0.0023,""EU"":0.0457,""HS"":0.0259,""SA"":0.0031}"
9:4290085:G:C	1	C	SA	0.0766	9	4298956	4282942	bottom-line_analysis_T2D_SA	bottom-line	True	101943.0	6.012e-09	T2D	4290085	0.1993706635774982	G	bottom-line_analysis_common	0.0096	12_bottom-line_analysis_common	rs4237150	intron_variant	GLIS3	C	0.4972	"{""AA"":0.5424,""EA"":0.4573,""EU"":0.4473,""HS"":0.4971,""SA"":0.5286}"
3:23261334:C:T	1	T	SA	-0.0955	3	23642414	23186523	bottom-line_analysis_T2D_SA	bottom-line	True	101943.0	6.311e-09	T2D	23261334	0.0474170917050913	C	bottom-line_analysis_common	0.012	3_bottom-line_analysis_common	rs17012829	intron_variant	UBE2E2	T	0.1456	"{""AA"":0.1324,""EA"":0.1905,""EU"":0.0944,""HS"":0.0476,""SA"":0.2393}"
3:12393125:C:G	1	G	SA	-0.0855	3	12413340	12329783	bottom-line_analysis_T2D_SA	bottom-line	True	107372.0	6.751e-09	T2D	12393125	0.1020778564920305	C	bottom-line_analysis_common	0.0105	9_bottom-line_analysis_common	rs1801282	missense_variant	PPARG	G	0.0703	"{""AA"":0.02005,""EA"":0.03832,""EU"":0.1236,""HS"":0.1205,""SA"":0.1185}"
6:20641198:C:T	1	T	SA	0.1042	6	20641199	20641198	bottom-line_analysis_T2D_SA	bottom-line;min_p	True	44692.9	7.758e-09	T2D	20641198	1.0	C	bottom-line_analysis_common	0.0181	35_bottom-line_analysis_common	rs146535481	intron_variant	CDKAL1	T	0.0066	"{""AA"":0.0227,""HS"":0.0029,""SA"":0.001}"
10:944928:G:A	1	A	SA	0.0933	10	944929	944928	bottom-line_analysis_T2D_SA	bottom-line;min_p	True	44692.9	9.228e-09	T2D	944928	1.0	G	bottom-line_analysis_rare	0.0162	37_bottom-line_analysis_rare	rs536999224	intron_variant	LARP4B	A	0.0002	"{""SA"":0.001}"
6:20661732:G:A	1	A	SA	-0.1014	6	20661733	20661732	bottom-line_analysis_T2D_SA	bottom-line;min_p	True	44692.9	1.899e-08	T2D	20661732	1.0	G	bottom-line_analysis_common	0.018	34_bottom-line_analysis_common	rs2206740	intron_variant	CDKAL1	A	0.022	"{""AA"":0.0303,""EU"":0.0308,""HS"":0.0331,""SA"":0.0164}"
9:139245460:T:C	1	C	SA	0.1001	9	139248083	139235415	bottom-line_analysis_T2D_SA	bottom-line	True	146636.0	1.908e-08	T2D	139245460	0.2044379887678055	T	bottom-line_analysis_common	0.0106	16_bottom-line_analysis_common	rs28378473	intron_variant	GPSM1	T	0.1945	"{""AA"":0.7965,""EA"":0.9544,""EU"":0.7296,""HS"":0.7248,""SA"":0.7996}"
8:41507350:C:T	1	T	SA	0.0762	8	41529173	41481036	bottom-line_analysis_T2D_SA	bottom-line	True	146636.0	2.148e-08	T2D	41507350	0.1613343053176441	C	bottom-line_analysis_common	0.0082	24_bottom-line_analysis_common	rs7825494	intron_variant	NKX6-3	C	0.4619	"{""AA"":0.5968,""EA"":0.3839,""EU"":0.5487,""HS"":0.5937,""SA"":0.5675}"
16:53803574:T:A	1	A	SA	0.0749	16	53845170	53799303	bottom-line_analysis_T2D_SA	bottom-line	True	101943.0	4.968e-08	T2D	53803574	0.040509876369155	T	bottom-line_analysis_common	0.0101	18_bottom-line_analysis_common	rs1558902	intron_variant	FTO	A	0.228	"{""AA"":0.056,""EA"":0.1657,""EU"":0.4324,""HS"":0.2392,""SA"":0.3067}"
