varId,alignment,alt,ancestry,beta,CHROM,clumpEnd,clumpStart,dataset,inMetaTypes,leadSNP,n,pValue,phenotype,POS,posteriorProbability,reference,source,stdErr,clump,dbSNP,consequence,nearest,minorAllele,maf,af,FST
9:22134068:G:A,1,A,Mixed,-0.143,9,26605499,13458523,bottom-line_analysis_T2D_Mixed,bottom-line;min_p;largest,True,3811830.0,5e-324,T2D,22134068,0.4999464924910372,G,bottom-line_analysis_common,0.002,77_bottom-line_analysis_common,rs10811660,intergenic_variant,"[""CDKN2B""]",A,0.1765,"{""AA"":0.0454,""EA"":0.4355,""EU"":0.168,""HS"":0.1254,""SA"":0.1319}",-0.0022692189171821
10:114761697:A:C,1,C,Mixed,0.1332,10,127030606,112613757,bottom-line_analysis_T2D_Mixed,bottom-line;min_p;largest,True,3868810.0,5e-324,T2D,114761697,0.0127617985302424,A,bottom-line_analysis_common,0.0018,62_bottom-line_analysis_common,rs10885402,intron_variant,"[""TCF7L2""]",C,0.4587,"{""AA"":0.8601,""EA"":0.0496,""EU"":0.4911,""HS"":0.3444,""SA"":0.3855}",0.0066323910626758
6:20686878:C:T,1,T,Mixed,0.1313,6,56265633,15253012,bottom-line_analysis_T2D_Mixed,bottom-line;min_p;largest,True,3821930.0,5e-324,T2D,20686878,0.0909088701051372,C,bottom-line_analysis_common,0.0019,2_bottom-line_analysis_common,rs67131976,intron_variant,"[""CDKAL1""]",T,0.223,"{""AA"":0.1445,""EA"":0.3819,""EU"":0.1779,""HS"":0.1744,""SA"":0.2464}",0.0022320292898879
11:2858546:C:T,1,T,Mixed,-0.2112,11,20972162,433541,bottom-line_analysis_T2D_Mixed,bottom-line;min_p;largest,True,3092670.0,5e-324,T2D,2858546,0.902876832592142,C,bottom-line_analysis_common,0.0027,49_bottom-line_analysis_common,rs2237897,intron_variant,"[""CDKN1C""]",T,0.1422,"{""AA"":0.0809,""EA"":0.3532,""EU"":0.0467,""HS"":0.2723,""SA"":0.0133}",0.0157493928939117
3:185510613:T:G,1,G,Mixed,0.1023,3,188725858,177675859,bottom-line_analysis_T2D_Mixed,bottom-line;min_p;largest,True,4022900.0,2.03e-311,T2D,185510613,0.9999998423420066,T,bottom-line_analysis_common,0.0016,52_bottom-line_analysis_common,rs7633675,intron_variant,"[""IGF2BP2""]",G,0.4675,"{""AA"":0.8411,""EA"":0.2629,""EU"":0.3042,""HS"":0.304,""SA"":0.4571}",0.082467781511037
16:53802494:C:T,1,T,Mixed,0.1004,16,56564387,49038220,bottom-line_analysis_T2D_Mixed,bottom-line;min_p;largest,True,3777240.0,7.94e-267,T2D,53802494,0.5139594212626994,C,bottom-line_analysis_common,0.0017,73_bottom-line_analysis_common,rs11642015,intron_variant,"[""FTO""]",T,0.2284,"{""AA"":0.056,""EA"":0.1677,""EU"":0.4324,""HS"":0.2392,""SA"":0.3067}",0.0376833635906253
8:118184783:C:T,1,T,Mixed,-0.0819,8,138215648,113370184,bottom-line_analysis_T2D_Mixed,bottom-line;min_p;largest,True,4067670.0,8.639999999999999e-250,T2D,118184783,0.9999999988569248,C,bottom-line_analysis_common,0.0015,65_bottom-line_analysis_common,rs13266634,missense_variant,"[""SLC30A8""]",T,0.2552,"{""AA"":0.08732,""EA"":0.4392,""EU"":0.302,""HS"":0.257,""SA"":0.2299}",-0.0037322777036808
10:94463945:G:A,1,A,Mixed,-0.0876,10,107574798,86999072,bottom-line_analysis_T2D_Mixed,bottom-line;min_p;largest,True,3821930.0,2.23e-220,T2D,94463945,0.9921578787266248,G,bottom-line_analysis_common,0.0016,16_bottom-line_analysis_common,rs1977833,intergenic_variant,"[""HHEX""]",A,0.4567,"{""AA"":0.1853,""EA"":0.7163,""EU"":0.4245,""HS"":0.379,""SA"":0.6442}",0.0531327478536778
7:127253550:C:T,1,T,Mixed,0.2736,7,131986889,125519449,bottom-line_analysis_T2D_Mixed,bottom-line;min_p;largest,True,906047.0,2.18e-152,T2D,127253550,0.9999999994994724,C,bottom-line_analysis_common,0.0057,126_bottom-line_analysis_common,rs2233580,missense_variant,"[""PAX4""]",T,0.0198,"{""AA"":0.00006152,""EA"":0.1105,""HS"":0.0001156,""SA"":0.0002613}",0.0
10:12307894:C:T,1,T,Mixed,0.0837,10,20344510,8276572,bottom-line_analysis_T2D_Mixed,bottom-line;min_p;largest,True,3874640.0,2.99e-150,T2D,12307894,0.9999999999969468,C,bottom-line_analysis_common,0.0019,72_bottom-line_analysis_common,rs11257655,downstream_gene_variant,"[""CDC123""]",T,0.3011,"{""AA"":0.2413,""EA"":0.5397,""EU"":0.2266,""HS"":0.2622,""SA"":0.2403}",-0.0038076350183843
8:41519248:T:C,1,C,Mixed,0.0614,8,42219786,8092025,bottom-line_analysis_T2D_Mixed,bottom-line;min_p;largest,True,4009780.0,4.01e-146,T2D,41519248,1.0,T,bottom-line_analysis_common,0.0017,54_bottom-line_analysis_common,rs516946,intron_variant,"[""ANK1""]",T,0.1957,"{""AA"":0.7738,""EA"":0.8704,""EU"":0.761,""HS"":0.8101,""SA"":0.8035}",0.0026241255736479
7:28194397:C:A,1,A,Mixed,-0.0663,7,32636217,12173173,bottom-line_analysis_T2D_Mixed,bottom-line;min_p;largest,True,3777240.0,1.23e-135,T2D,28194397,0.7433234843752596,C,bottom-line_analysis_common,0.0017,74_bottom-line_analysis_common,rs860262,intron_variant,"[""JAZF1""]",A,0.3009,"{""AA"":0.2118,""EA"":0.2252,""EU"":0.5149,""HS"":0.3617,""SA"":0.2362}",0.1533810870547175
2:165513091:T:C,1,C,Mixed,-0.0555,2,191208342,141080797,bottom-line_analysis_T2D_Mixed,bottom-line;min_p;largest,True,3959330.0,6.239999999999999e-128,T2D,165513091,1.0,T,bottom-line_analysis_common,0.0018,17_bottom-line_analysis_common,rs10195252,intron_variant,"[""GRB14""]",C,0.397,"{""AA"":0.7988,""EA"":0.0962,""EU"":0.4423,""HS"":0.2594,""SA"":0.2147}",0.0440059503333744
17:36101156:T:C,1,C,Mixed,-0.0705,17,48659844,34842521,bottom-line_analysis_T2D_Mixed,bottom-line;min_p;largest,True,3407820.0,4.92e-107,T2D,36101156,0.9768929792322166,T,bottom-line_analysis_common,0.0018,5_bottom-line_analysis_common,rs7501939,intron_variant,"[""HNF1B""]",T,0.3658,"{""AA"":0.4433,""EA"":0.7698,""EU"":0.6064,""HS"":0.696,""SA"":0.7372}",0.008245962984081
2:227099534:A:G,1,G,Mixed,0.0691,2,234682526,225045968,bottom-line_analysis_T2D_Mixed,bottom-line;min_p;largest,True,3792600.0,5.0900000000000003e-107,T2D,227099534,0.4255811948090512,A,bottom-line_analysis_common,0.0018,118_bottom-line_analysis_common,rs2943646,intergenic_variant,"[""IRS1""]",A,0.2668,"{""AA"":0.6233,""EA"":0.9325,""EU"":0.6243,""HS"":0.7608,""SA"":0.7689}",0.0229179066083844
11:92708710:C:G,1,G,Mixed,0.0619,11,95716042,84694253,bottom-line_analysis_T2D_Mixed,bottom-line;min_p;largest,True,3951730.0,6.099999999999999e-105,T2D,92708710,1.0,C,bottom-line_analysis_common,0.0017,81_bottom-line_analysis_common,rs10830963,intron_variant,"[""MTNR1B""]",G,0.2602,"{""AA"":0.0272,""EA"":0.4226,""EU"":0.2883,""HS"":0.1931,""SA"":0.4264}",0.043407898547101
9:139246588:A:G,1,G,Mixed,0.0831,9,140549608,116656483,bottom-line_analysis_T2D_Mixed,bottom-line;min_p;largest,True,1311920.0,4.2400000000000004e-99,T2D,139246588,0.5534091178278179,A,bottom-line_analysis_common,0.0033,67_bottom-line_analysis_common,rs376993806,intron_variant,"[""GPSM1""]",A,0.2216,"{""AA"":0.77,""EA"":0.9226,""EU"":0.7107,""HS"":0.7046,""SA"":0.7628}",-0.0048575714930523
3:123065778:A:G,1,G,Mixed,-0.072,3,143665351,121797769,bottom-line_analysis_T2D_Mixed,bottom-line;min_p;largest,True,3011390.0,6.480000000000001e-97,T2D,123065778,0.975171060489232,A,bottom-line_analysis_common,0.0021,1_bottom-line_analysis_common,rs11708067,intron_variant,"[""ADCY5""]",G,0.1504,"{""AA"":0.1309,""EA"":0.004,""EU"":0.171,""HS"":0.3127,""SA"":0.1912}",-0.0045690339587059
2:43611883:T:C,1,C,Mixed,-0.1179,2,53018988,38897074,bottom-line_analysis_T2D_Mixed,bottom-line;min_p;largest,True,2278260.0,6.84e-97,T2D,43611883,0.8284966362324331,T,bottom-line_analysis_common,0.0036,12_bottom-line_analysis_common,rs76675804,intron_variant,"[""ZFP36L2""]",C,0.0365,"{""AA"":0.0386,""EU"":0.0795,""HS"":0.0576,""SA"":0.0123}",0.0539523289512857
11:72432985:G:A,1,A,Mixed,-0.0747,11,79054253,43366384,bottom-line_analysis_T2D_Mixed,bottom-line;min_p;largest,True,3756530.0,3.1e-93,T2D,72432985,0.9982928579542136,G,bottom-line_analysis_common,0.0024,22_bottom-line_analysis_common,rs11603334,5_prime_UTR_variant,"[""ARAP1""]",A,0.1054,"{""AA"":0.0287,""EA"":0.0804,""EU"":0.1501,""HS"":0.0893,""SA"":0.2004}",-0.0022552387603175
3:23457080:T:C,1,C,Mixed,-0.0614,3,28723347,8137447,bottom-line_analysis_T2D_Mixed,bottom-line;min_p;largest,True,3865270.0,1.813e-80,T2D,23457080,0.4260994105817972,T,bottom-line_analysis_common,0.0019,3_bottom-line_analysis_common,rs13094957,intron_variant,"[""UBE2E2""]",C,0.255,"{""AA"":0.3767,""EA"":0.1974,""EU"":0.2217,""HS"":0.1412,""SA"":0.2648}",0.0023018416942614
9:84311800:T:C,1,C,Mixed,-0.0532,9,100559094,81310680,bottom-line_analysis_T2D_Mixed,bottom-line;min_p;largest,True,3800740.0,1.08e-79,T2D,84311800,0.9601978517803664,T,bottom-line_analysis_common,0.0017,84_bottom-line_analysis_common,rs9410573,intron_variant,"[""TLE1""]",C,0.3964,"{""AA"":0.1467,""EA"":0.5883,""EU"":0.4165,""HS"":0.4928,""SA"":0.4468}",0.0037642679243164
10:80944230:T:G,1,G,Mixed,-0.0516,10,81099083,63697657,bottom-line_analysis_T2D_Mixed,bottom-line;min_p;largest,True,3843160.0,8.045000000000001e-79,T2D,80944230,0.406278538063659,T,bottom-line_analysis_common,0.0017,48_bottom-line_analysis_common,rs703977,intron_variant,"[""ZMIZ1""]",G,0.3738,"{""AA"":0.2428,""EA"":0.4097,""EU"":0.4463,""HS"":0.4726,""SA"":0.3691}",-0.0002352462891611
2:27730940:T:C,1,C,Mixed,0.0473,2,29383257,24698002,bottom-line_analysis_T2D_Mixed,bottom-line;min_p;largest,True,4064340.0,1.675e-77,T2D,27730940,0.9998217746099396,T,bottom-line_analysis_common,0.0015,117_bottom-line_analysis_common,rs1260326,missense_variant,"[""GCKR""]",T,0.2933,"{""AA"":0.8679,""EA"":0.5108,""EU"":0.5902,""HS"":0.6662,""SA"":0.758}",0.0550957450156989
2:60586707:C:G,1,G,Mixed,0.0491,2,71193728,53974223,bottom-line_analysis_T2D_Mixed,bottom-line;min_p;largest,True,3828880.0,1.359e-70,T2D,60586707,0.999683414242272,C,bottom-line_analysis_common,0.0016,18_bottom-line_analysis_common,rs243018,non_coding_transcript_exon_variant,"[""BCL11A""]",C,0.4613,"{""AA"":0.553,""EA"":0.6508,""EU"":0.4483,""HS"":0.5562,""SA"":0.4847}",-0.004286240550637
9:4291928:A:C,1,C,Mixed,0.0487,9,11685627,549845,bottom-line_analysis_T2D_Mixed,bottom-line;min_p;largest,True,3861150.0,1.305e-65,T2D,4291928,0.9973562460825444,A,bottom-line_analysis_common,0.0017,53_bottom-line_analysis_common,rs10974438,intron_variant,"[""GLIS3""]",C,0.3075,"{""AA"":0.0855,""EA"":0.3998,""EU"":0.3837,""HS"":0.2565,""SA"":0.4703}",0.0269155988870313
6:126792095:A:G,1,G,Mixed,0.0522,6,132215376,124910261,bottom-line_analysis_T2D_Mixed,bottom-line;min_p;largest,True,3803860.0,5.278e-63,T2D,126792095,0.9802533791996708,A,bottom-line_analysis_common,0.0019,115_bottom-line_analysis_common,rs11759026,intergenic_variant,"[""CENPW""]",G,0.279,"{""AA"":0.0552,""EA"":0.4494,""EU"":0.2545,""HS"":0.4366,""SA"":0.319}",0.0433134202850942
7:157014553:G:T,1,T,Mixed,-0.048,7,157107608,147603625,bottom-line_analysis_T2D_Mixed,bottom-line;min_p;largest,True,3161280.0,5.545e-60,T2D,157014553,0.3063253831518048,G,bottom-line_analysis_common,0.0018,28_bottom-line_analysis_common,rs6459741,intron_variant,"[""UBE3C""]",G,0.4828,"{""AA"":0.8525,""EA"":0.4534,""EU"":0.3648,""HS"":0.3963,""SA"":0.3722}",0.0016965143782445
20:42994812:T:C,1,C,Mixed,0.0598,20,62797874,25195509,bottom-line_analysis_T2D_Mixed,bottom-line;min_p;largest,True,3813990.0,2.0710000000000002e-58,T2D,42994812,0.9972378574138054,T,bottom-line_analysis_common,0.0021,6_bottom-line_analysis_common,rs12625671,intron_variant,"[""HNF4A""]",C,0.2324,"{""AA"":0.0673,""EA"":0.4137,""EU"":0.1153,""HS"":0.4236,""SA"":0.2536}",0.0560943156090706
16:75246035:G:C,1,C,Mixed,-0.0935,16,90229270,62801840,bottom-line_analysis_T2D_Mixed,bottom-line;min_p;largest,True,2519050.0,1.1770000000000001e-57,T2D,75246035,0.3006910709473821,G,bottom-line_analysis_common,0.0037,7_bottom-line_analysis_common,rs72802365,upstream_gene_variant,"[""CTRB2""]",C,0.0427,"{""AA"":0.0076,""EA"":0.0278,""EU"":0.0835,""HS"":0.0648,""SA"":0.0481}",0.0552096275272514
6:7231843:G:A,1,A,Mixed,-0.0588,6,10722574,3212382,bottom-line_analysis_T2D_Mixed,bottom-line;min_p;largest,True,3796830.0,7.306999999999999e-51,T2D,7231843,0.999931216607695,G,bottom-line_analysis_common,0.0023,139_bottom-line_analysis_common,rs9379084,missense_variant,"[""SSR1""]",A,0.0962,"{""AA"":0.02507,""EA"":0.1317,""EU"":0.1184,""HS"":0.06997,""SA"":0.1144}",-0.0050235891036628
3:63897215:C:T,1,T,Mixed,-0.0513,3,79837036,42311492,bottom-line_analysis_T2D_Mixed,bottom-line;min_p;largest,True,3807890.0,7.38e-48,T2D,63897215,0.4696837127529887,C,bottom-line_analysis_common,0.0019,11_bottom-line_analysis_common,rs2292662,intron_variant,"[""ATXN7""]",T,0.2758,"{""AA"":0.4395,""EA"":0.3829,""EU"":0.17,""HS"":0.1138,""SA"":0.1677}",-0.0001660042779924
3:170705693:A:G,1,G,Mixed,-0.04,3,178125220,168171649,bottom-line_analysis_T2D_Mixed,bottom-line;min_p;largest,True,3876490.0,3.951e-47,T2D,170705693,0.624547390100502,A,bottom-line_analysis_common,0.0017,71_bottom-line_analysis_common,rs1514895,intergenic_variant,"[""SLC2A2""]",G,0.3584,"{""AA"":0.5825,""EA"":0.244,""EU"":0.2893,""HS"":0.3026,""SA"":0.2843}",-0.0051935859767817
6:137294302:T:C,1,C,Mixed,-0.0376,6,144619172,137099067,bottom-line_analysis_T2D_Mixed,bottom-line;min_p;largest,True,3861090.0,2.728e-44,T2D,137294302,0.1457804377323404,T,bottom-line_analysis_common,0.0016,79_bottom-line_analysis_common,rs6935973,downstream_gene_variant,"[""SLC35D3""]",C,0.4864,"{""AA"":0.5227,""EA"":0.4306,""EU"":0.494,""HS"":0.5288,""SA"":0.4571}",0.0078438520585257
7:44255643:G:A,1,A,Mixed,0.0413,7,56167596,32338337,bottom-line_analysis_T2D_Mixed,bottom-line;min_p;largest,True,3816700.0,9.578e-44,T2D,44255643,0.4859318935509166,G,bottom-line_analysis_common,0.0018,64_bottom-line_analysis_common,rs878521,downstream_gene_variant,"[""CAMK2B""]",A,0.3602,"{""AA"":0.5151,""EA"":0.3532,""EU"":0.2535,""HS"":0.3602,""SA"":0.2679}",-0.0019395785341911
2:634905:T:C,1,C,Mixed,0.0484,2,2686580,224086,bottom-line_analysis_T2D_Mixed,bottom-line;min_p;largest,True,4023320.0,3.405e-42,T2D,634905,0.4012166220198991,T,bottom-line_analysis_common,0.0022,83_bottom-line_analysis_common,rs6548238,intergenic_variant,"[""TMEM18""]",T,0.123,"{""AA"":0.9032,""EA"":0.9117,""EU"":0.826,""HS"":0.8617,""SA"":0.8691}",-0.0029776387289604
8:95968413:T:G,1,G,Mixed,-0.0354,8,97847609,95020886,bottom-line_analysis_T2D_Mixed,bottom-line;min_p;largest,True,3812720.0,4.542e-40,T2D,95968413,0.241012776493372,T,bottom-line_analysis_common,0.0016,78_bottom-line_analysis_common,rs726816,intron_variant,"[""NDUFAF6""]",T,0.4359,"{""AA"":0.3775,""EA"":0.7312,""EU"":0.5676,""HS"":0.5879,""SA"":0.6237}",-0.0039661380385018
17:4045440:G:C,1,C,Mixed,0.0388,17,9806679,291564,bottom-line_analysis_T2D_Mixed,bottom-line;min_p;largest,True,3815740.0,2.091e-37,T2D,4045440,0.334820542277062,G,bottom-line_analysis_common,0.0018,27_bottom-line_analysis_common,rs1377807,intron_variant,"[""ZZEF1""]",C,0.2708,"{""AA"":0.382,""EA"":0.1756,""EU"":0.3111,""HS"":0.2507,""SA"":0.1912}",0.0517538691614537
7:69721267:T:C,1,C,Mixed,0.0388,7,80583483,66212344,bottom-line_analysis_T2D_Mixed,bottom-line;min_p;largest,True,3833880.0,3.323e-37,T2D,69721267,0.0950706828884374,T,bottom-line_analysis_common,0.0017,86_bottom-line_analysis_common,rs6969375,intron_variant,"[""AUTS2""]",C,0.3181,"{""AA"":0.388,""EA"":0.3403,""EU"":0.2276,""HS"":0.2695,""SA"":0.3282}",0.0161154495796201
8:145545949:T:C,1,C,Mixed,0.0332,8,146133005,142241053,bottom-line_analysis_T2D_Mixed,bottom-line;min_p;largest,True,3657100.0,8.334e-35,T2D,145545949,0.9877070090764968,T,bottom-line_analysis_common,0.0018,91_bottom-line_analysis_common,rs3757971,intron_variant,"[""DGAT1""]",C,0.2941,"{""AA"":0.0825,""EA"":0.5169,""EU"":0.3797,""HS"":0.2666,""SA"":0.2822}",0.061948055330837
16:300388:T:C,1,C,Mixed,-0.0378,16,30962237,115817,bottom-line_analysis_T2D_Mixed,bottom-line;min_p;largest,True,3810830.0,2.299e-32,T2D,300388,0.5360506114867241,T,bottom-line_analysis_common,0.0019,35_bottom-line_analysis_common,rs55857387,intron_variant,"[""ITFG3""]",C,0.3039,"{""AA"":0.3177,""EA"":0.4663,""EU"":0.1928,""HS"":0.2767,""SA"":0.2515}",0.0105568533050751
17:65870073:C:T,1,T,Mixed,0.0348,17,81010561,55900320,bottom-line_analysis_T2D_Mixed,bottom-line;min_p;largest,True,3978940.0,7.844e-32,T2D,65870073,0.6096671243379401,C,bottom-line_analysis_common,0.0018,21_bottom-line_analysis_common,rs12602912,intron_variant,"[""BPTF""]",T,0.2965,"{""AA"":0.0998,""EA"":0.6796,""EU"":0.2147,""HS"":0.2536,""SA"":0.2822}",0.0415761416476894
17:29704002:T:C,1,C,Mixed,-0.0307,17,29761031,25413364,bottom-line_analysis_T2D_Mixed,bottom-line;min_p;largest,True,3867580.0,6.933e-29,T2D,29704002,0.4300762283711915,T,bottom-line_analysis_common,0.0016,31_bottom-line_analysis_common,rs1048317,3_prime_UTR_variant,"[""RAB11FIP4""]",T,0.3874,"{""AA"":0.792,""EA"":0.4435,""EU"":0.6392,""HS"":0.4697,""SA"":0.6186}",0.0046402468730667
7:89769581:C:T,1,T,Mixed,0.0385,7,107626771,89688369,bottom-line_analysis_T2D_Mixed,bottom-line;min_p;largest,True,1325920.0,2.037e-28,T2D,89769581,0.6333999455806092,C,bottom-line_analysis_common,0.0027,20_bottom-line_analysis_common,rs201441289,intron_variant,"[""STEAP1""]",T,0.3646,"{""AA"":0.3797,""EA"":0.1895,""EU"":0.499,""HS"":0.4063,""SA"":0.3569}",0.087337885481813
11:128389391:C:T,1,T,Mixed,0.036,11,133392556,125057196,bottom-line_analysis_T2D_Mixed,bottom-line;min_p;largest,True,3830140.0,3.042e-27,T2D,128389391,0.211419448688605,C,bottom-line_analysis_common,0.002,142_bottom-line_analysis_common,rs11819995,intron_variant,"[""ETS1""]",T,0.2288,"{""AA"":0.2943,""EA"":0.1855,""EU"":0.2217,""HS"":0.1715,""SA"":0.2331}",0.0035109423645492
9:28414625:C:T,1,T,Mixed,0.0312,9,37377268,28410683,bottom-line_analysis_T2D_Mixed,bottom-line;min_p;largest,True,3811830.0,1.3040000000000002e-26,T2D,28414625,0.3618216770875564,C,bottom-line_analysis_common,0.0018,19_bottom-line_analysis_common,rs17770336,intron_variant,"[""LINGO2""]",T,0.2099,"{""AA"":0.1634,""EA"":0.1825,""EU"":0.3022,""HS"":0.2608,""SA"":0.1697}",0.0764023289249059
6:160775510:G:A,1,A,Mixed,-0.0285,6,167544279,156976650,bottom-line_analysis_T2D_Mixed,bottom-line;min_p;largest,True,3821930.0,1.637e-26,T2D,160775510,0.1056343474150779,G,bottom-line_analysis_common,0.0016,13_bottom-line_analysis_common,rs695174,intron_variant,"[""SLC22A3""]",A,0.4367,"{""AA"":0.5688,""EA"":0.2857,""EU"":0.4831,""HS"":0.451,""SA"":0.3558}",0.0137639943117486
2:121337196:A:G,1,G,Mixed,-0.0445,2,126176234,118635819,bottom-line_analysis_T2D_Mixed,bottom-line;min_p;largest,True,3863870.0,5.393000000000001e-26,T2D,121337196,0.1743793926635922,A,bottom-line_analysis_common,0.0025,25_bottom-line_analysis_common,rs9308614,intergenic_variant,"[""LINC01101""]",G,0.105,"{""AA"":0.0983,""EA"":0.0952,""EU"":0.1501,""HS"":0.0836,""SA"":0.093}",0.0355039149075843
6:117996631:T:C,1,C,Mixed,-0.0394,6,120321660,117082771,bottom-line_analysis_T2D_Mixed,bottom-line;min_p;largest,True,3679830.0,9.722e-24,T2D,117996631,0.1972723730819947,T,bottom-line_analysis_common,0.0022,125_bottom-line_analysis_common,rs80196932,upstream_gene_variant,"[""NUS1""]",C,0.1823,"{""AA"":0.0098,""EA"":0.1687,""EU"":0.1988,""HS"":0.1729,""SA"":0.4192}",0.1962099320841879
3:152086833:G:T,1,T,Mixed,-0.0264,3,164260604,149181109,bottom-line_analysis_T2D_Mixed,bottom-line;min_p;largest,True,3812000.0,2.104e-23,T2D,152086833,0.2565027058694401,G,bottom-line_analysis_common,0.0016,42_bottom-line_analysis_common,rs13066678,intron_variant,"[""TMEM14E""]",G,0.4485,"{""AA"":0.6067,""EA"":0.5248,""EU"":0.5686,""HS"":0.4179,""SA"":0.5818}",0.0015485704989977
11:32927778:G:T,1,T,Mixed,-0.0894,11,35439104,26061018,bottom-line_analysis_T2D_Mixed,bottom-line;min_p;largest,True,1014338.75,1.07e-22,T2D,32927778,0.4677161879266922,G,bottom-line_analysis_common,0.0091,4_bottom-line_analysis_common,rs145678014,intron_variant,"[""QSER1""]",T,0.0112,"{""AA"":0.0015,""EU"":0.0308,""HS"":0.0187,""SA"":0.0102}",0.0441988950276243
3:195832147:T:C,1,C,Mixed,0.0286,3,196399027,195413035,bottom-line_analysis_T2D_Mixed,bottom-line;min_p;largest,True,3760770.0,1.277e-21,T2D,195832147,0.2062443427268405,T,bottom-line_analysis_common,0.0018,108_bottom-line_analysis_common,rs9877493,intergenic_variant,"[""TFRC""]",T,0.2804,"{""AA"":0.8805,""EA"":0.7222,""EU"":0.6511,""HS"":0.683,""SA"":0.5961}",0.011405748562975
6:153438573:A:T,1,T,Mixed,0.0276,6,156980008,151942753,bottom-line_analysis_T2D_Mixed,bottom-line;min_p;largest,True,3768030.0,2.004e-21,T2D,153438573,0.0413417531507107,A,bottom-line_analysis_common,0.0017,124_bottom-line_analysis_common,rs6932473,intron_variant,"[""RGS17""]",T,0.4155,"{""AA"":0.3253,""EA"":0.6607,""EU"":0.3131,""HS"":0.2464,""SA"":0.5102}",0.1684442679593372
3:114943779:C:T,1,T,Mixed,0.0357,3,115942028,109039312,bottom-line_analysis_T2D_Mixed,bottom-line;min_p;largest,True,3866050.0,4.742e-21,T2D,114943779,0.048118689533538,C,bottom-line_analysis_common,0.0021,24_bottom-line_analysis_common,rs9822860,intergenic_variant,"[""ZBTB20""]",T,0.2626,"{""AA"":0.171,""EA"":0.5704,""EU"":0.1193,""HS"":0.1715,""SA"":0.2812}",0.0342791789249469
8:57506937:T:C,1,C,Mixed,0.0281,8,59972310,57438399,bottom-line_analysis_T2D_Mixed,bottom-line;min_p;largest,True,3810140.0,9.427e-21,T2D,57506937,0.2542756430206235,T,bottom-line_analysis_common,0.0018,129_bottom-line_analysis_common,rs7813865,intergenic_variant,"[""PENK""]",C,0.3309,"{""AA"":0.298,""EA"":0.3839,""EU"":0.3022,""HS"":0.2248,""SA"":0.4254}",0.0320681004193455
17:17753846:A:T,1,T,Mixed,-0.0289,17,21284911,16745588,bottom-line_analysis_T2D_Mixed,bottom-line;min_p;largest,True,3266140.0,4.3640000000000005e-20,T2D,17753846,0.1854587421519103,A,bottom-line_analysis_common,0.0019,103_bottom-line_analysis_common,rs9893690,intron_variant,"[""TOM1L2""]",T,0.4137,"{""AA"":0.5855,""EA"":0.1528,""EU"":0.5915,""HS"":0.4438,""SA"":0.2464}",0.2203258004625558
6:107426692:G:C,1,C,Mixed,-0.0285,6,112448655,97399562,bottom-line_analysis_T2D_Mixed,bottom-line;min_p;largest,True,3759350.0,2.32e-19,T2D,107426692,0.1049916971075552,G,bottom-line_analysis_common,0.0019,10_bottom-line_analysis_common,rs62427977,intron_variant,"[""BEND3""]",C,0.2023,"{""AA"":0.1649,""EA"":0.1538,""EU"":0.3032,""HS"":0.2392,""SA"":0.1728}",0.0314952118111882
20:22443933:C:T,1,T,Mixed,-0.0272,20,22582955,18442267,bottom-line_analysis_T2D_Mixed,bottom-line;min_p;largest,True,3866820.0,4.939e-19,T2D,22443933,0.191489716743561,C,bottom-line_analysis_common,0.0018,112_bottom-line_analysis_common,rs6048114,intergenic_variant,"[""FOXA2""]",T,0.4151,"{""AA"":0.6437,""EA"":0.4722,""EU"":0.2445,""HS"":0.2262,""SA"":0.3569}",0.0658616587254612
7:140540041:A:G,1,G,Mixed,0.0451,7,140810893,133464988,bottom-line_analysis_T2D_Mixed,bottom-line;min_p;largest,True,3812110.0,6.242e-18,T2D,140540041,0.0195897395497999,A,bottom-line_analysis_common,0.003,9_bottom-line_analysis_common,rs59232128,intron_variant,"[""BRAF""]",G,0.099,"{""AA"":0.146,""EA"":0.0843,""EU"":0.0686,""HS"":0.0519,""SA"":0.1155}",0.0105619349527413
2:111887754:T:G,1,G,Mixed,-0.0403,2,112876040,107569785,bottom-line_analysis_T2D_Mixed,bottom-line;min_p;largest,True,2646060.0,6.76e-18,T2D,111887754,0.1925746179324375,T,bottom-line_analysis_common,0.0031,144_bottom-line_analysis_common,rs113135335,intron_variant,"[""BCL2L11""]",G,0.0515,"{""AA"":0.04125,""EU"":0.08176,""HS"":0.02414,""SA"":0.01595}",0.0518099969785258
11:117693255:T:C,1,C,Mixed,-0.0211,11,122017963,108024050,bottom-line_analysis_T2D_Mixed,bottom-line;min_p;largest,True,3884490.0,4.171e-17,T2D,117693255,0.7926570455255112,T,bottom-line_analysis_common,0.0015,96_bottom-line_analysis_common,rs529623,intron_variant,"[""FXYD2""]",C,0.4687,"{""AA"":0.2857,""EA"":0.5756,""EU"":0.5231,""HS"":0.5996,""SA"":0.54}",-0.0029354639443205
2:16574669:G:A,1,A,Mixed,0.0338,2,18722425,16084594,bottom-line_analysis_T2D_Mixed,bottom-line;min_p;largest,True,3789010.0,4.872e-17,T2D,16574669,0.7032447568608822,G,bottom-line_analysis_common,0.0025,101_bottom-line_analysis_common,rs11680058,intron_variant,"[""FAM49A""]",G,0.3642,"{""AA"":0.1399,""EA"":0.8869,""EU"":0.8648,""HS"":0.7378,""SA"":0.7393}",0.0325489091154095
9:107734714:A:G,1,G,Mixed,0.0239,9,113830548,106809223,bottom-line_analysis_T2D_Mixed,bottom-line;min_p;largest,True,3873110.0,4.786e-16,T2D,107734714,0.2889490248989573,A,bottom-line_analysis_common,0.0017,106_bottom-line_analysis_common,rs4556142,intergenic_variant,"[""ABCA1""]",A,0.2778,"{""AA"":0.8797,""EA"":0.7758,""EU"":0.6342,""HS"":0.5793,""SA"":0.6462}",-0.003819658657992
3:93903598:A:C,1,C,Mixed,-0.0204,3,94250217,84416849,bottom-line_analysis_T2D_Mixed,bottom-line;min_p;largest,True,3855500.0,4.828e-15,T2D,93903598,0.0396357233648688,A,bottom-line_analysis_common,0.0016,39_bottom-line_analysis_common,rs13099884,intergenic_variant,"[""DHFRL1""]",C,0.3427,"{""AA"":0.0227,""EA"":0.5298,""EU"":0.4324,""HS"":0.4827,""SA"":0.3906}",-0.0044081506817807
7:4691060:C:T,1,T,Mixed,0.0296,7,7256829,1013468,bottom-line_analysis_T2D_Mixed,bottom-line;min_p;largest,True,3748000.0,5.351e-15,T2D,4691060,0.0675609478140052,C,bottom-line_analysis_common,0.0024,110_bottom-line_analysis_common,rs28411900,intron_variant,"[""FOXK1""]",T,0.2131,"{""AA"":0.3215,""EA"":0.1706,""EU"":0.1183,""HS"":0.1787,""SA"":0.2321}",0.0413049330984919
2:219699999:G:A,1,A,Mixed,0.0529,2,220417229,196488531,bottom-line_analysis_T2D_Mixed,bottom-line;min_p;largest,True,2383350.0,1.612e-14,T2D,219699999,0.0701421331158294,G,bottom-line_analysis_common,0.0047,82_bottom-line_analysis_common,rs78058190,upstream_gene_variant,"[""PRKAG3""]",A,0.0276,"{""AA"":0.0008,""EU"":0.0626,""HS"":0.0288,""SA"":0.0552}",-0.0020279000568017
10:49335932:T:C,1,C,Mixed,0.0318,10,52702678,45388231,bottom-line_analysis_T2D_Mixed,bottom-line;min_p;largest,True,1365510.0,2.604e-14,T2D,49335932,0.6533965116237127,T,bottom-line_analysis_common,0.0035,136_bottom-line_analysis_common,rs2163150,intergenic_variant,"[""FRMPD2""]",T,0.4169,"{""AA"":0.5832,""EA"":0.7202,""EU"":0.667,""HS"":0.4957,""SA"":0.4172}",0.1341655165723809
3:1855054:G:A,1,A,Mixed,0.1122,3,1855055,1855054,bottom-line_analysis_T2D_Mixed,bottom-line,True,44692.9,2.936e-14,T2D,1855054,1.0,G,bottom-line_analysis_rare,0.0148,184_bottom-line_analysis_rare,rs542226752,intergenic_variant,"[""CNTN4""]",A,0.0002,"{""SA"":0.001}",0.0
8:72516678:A:G,1,G,Mixed,0.0388,8,90902054,72392687,bottom-line_analysis_T2D_Mixed,bottom-line;min_p;largest,True,3441230.0,3.941e-14,T2D,72516678,0.0809471474001995,A,bottom-line_analysis_common,0.003,30_bottom-line_analysis_common,rs9643628,intergenic_variant,"[""RP11-1102P16.1""]",G,0.0925,"{""AA"":0.0469,""EA"":0.129,""EU"":0.0567,""HS"":0.0735,""SA"":0.1667}",0.056005449178839
10:26494644:C:A,1,A,Mixed,-0.0222,10,27261182,20332952,bottom-line_analysis_T2D_Mixed,bottom-line;min_p;largest,True,3268360.0,5.578e-14,T2D,26494644,0.066611458889427,C,bottom-line_analysis_common,0.0018,145_bottom-line_analysis_common,rs11014997,intron_variant,"[""GAD2""]",A,0.3622,"{""AA"":0.649,""EA"":0.3472,""EU"":0.17,""HS"":0.2911,""SA"":0.2382}",0.032855597519896
7:117535278:T:C,1,C,Mixed,0.0257,7,117594839,112820517,bottom-line_analysis_T2D_Mixed,bottom-line;min_p;largest,True,3362680.0,3.028e-13,T2D,117535278,0.161541919645597,T,bottom-line_analysis_common,0.002,33_bottom-line_analysis_common,rs6952555,intergenic_variant,"[""CTTNBP2""]",C,0.2059,"{""AA"":0.062,""EA"":0.1617,""EU"":0.3171,""HS"":0.1844,""SA"":0.3466}",-0.0019353356474802
11:103029516:A:G,1,G,Mixed,0.0178,11,109957827,100511892,bottom-line_analysis_T2D_Mixed,bottom-line;min_p;largest,True,4013100.0,3.735e-13,T2D,103029516,0.1991098845600832,A,bottom-line_analysis_common,0.0016,111_bottom-line_analysis_common,rs688906,missense_variant,"[""DYNC2H1""]",A,0.3317,"{""AA"":0.4868,""EA"":0.767,""EU"":0.7375,""HS"":0.8061,""SA"":0.7253}",-0.0032937281397845
3:35667761:A:G,1,G,Mixed,0.0202,3,35775328,35439993,bottom-line_analysis_T2D_Mixed,bottom-line;min_p;largest,True,3867200.0,9.645e-12,T2D,35667761,0.1358322308433253,A,bottom-line_analysis_common,0.0017,68_bottom-line_analysis_common,rs10490871,intergenic_variant,"[""ARPP21""]",G,0.359,"{""AA"":0.4871,""EA"":0.1607,""EU"":0.3588,""HS"":0.3285,""SA"":0.4121}",-0.0033837222060023
10:34000712:G:A,1,A,Mixed,0.0328,10,34019294,33857195,bottom-line_analysis_T2D_Mixed,bottom-line;min_p;largest,True,3139540.0,1.533e-11,T2D,34000712,0.1884704727036409,G,bottom-line_analysis_common,0.0027,150_bottom-line_analysis_common,rs75888368,intergenic_variant,"[""NRP1""]",A,0.1,"{""AA"":0.0295,""EA"":0.247,""EU"":0.0815,""HS"":0.0605,""SA"":0.091}",-0.0049155986577406
8:103876325:G:A,1,A,Mixed,-0.0224,8,110106810,101688373,bottom-line_analysis_T2D_Mixed,bottom-line;min_p;largest,True,3818060.0,1.631e-11,T2D,103876325,0.0348302393244174,G,bottom-line_analysis_common,0.002,134_bottom-line_analysis_common,rs2679745,5_prime_UTR_variant,"[""AZIN1""]",A,0.1725,"{""AA"":0.0605,""EA"":0.1478,""EU"":0.1978,""HS"":0.1196,""SA"":0.3609}",0.0403760447878656
2:120231070:C:G,1,G,Mixed,-0.1285,2,120286643,120231070,bottom-line_analysis_T2D_Mixed,bottom-line;min_p;largest,True,316950.22,1.877e-11,T2D,120231070,0.9498764234421384,C,bottom-line_analysis_common,0.0191,159_bottom-line_analysis_common,rs3731600,missense_variant,"[""TMEM37""]",G,0.0024,"{""EA"":0.008535}",0.0
7:156781472:T:C,1,C,Mixed,0.1287,7,156781473,156370623,bottom-line_analysis_T2D_Mixed,bottom-line;min_p;largest,True,964754.56,1.977e-11,T2D,156781472,0.6805615751573206,T,bottom-line_analysis_common,0.0192,162_bottom-line_analysis_common,rs184163936,intergenic_variant,"[""MNX1""]",C,0.0028,"{""EU"":0.008,""HS"":0.0058,""SA"":0.002}",-0.0029216218747073
2:105193300:A:G,1,G,Mixed,-0.0112,2,105466652,99909958,bottom-line_analysis_T2D_Mixed,bottom-line;min_p;largest,True,4027490.0,2.695e-11,T2D,105193300,0.2054945791196331,A,bottom-line_analysis_common,0.0015,69_bottom-line_analysis_common,rs1866558,downstream_gene_variant,"[""POU3F3""]",A,0.4742,"{""AA"":0.6687,""EA"":0.3681,""EU"":0.4881,""HS"":0.5476,""SA"":0.5184}",0.0283924494511424
20:1893747:T:C,1,C,Mixed,0.0191,20,5344065,308189,bottom-line_analysis_T2D_Mixed,bottom-line;min_p;largest,True,3810460.0,3.35e-11,T2D,1893747,0.0596882588640247,T,bottom-line_analysis_common,0.0017,148_bottom-line_analysis_common,rs4813319,intron_variant,"[""SIRPA""]",T,0.486,"{""AA"":0.5522,""EA"":0.6577,""EU"":0.3757,""HS"":0.4813,""SA"":0.4796}",0.0029195438336838
6:64191578:A:T,1,T,Mixed,0.0182,6,64492842,63894583,bottom-line_analysis_T2D_Mixed,bottom-line;min_p;largest,True,3766140.0,3.634e-11,T2D,64191578,0.0539981052074442,A,bottom-line_analysis_common,0.0017,114_bottom-line_analysis_common,rs10943822,intron_variant,"[""PTP4A1""]",T,0.4706,"{""AA"":0.3623,""EA"":0.5367,""EU"":0.5278,""HS"":0.4135,""SA"":0.5307}",-0.0050586821873799
6:83074365:C:T,1,T,Mixed,-0.0182,6,83446610,74190251,bottom-line_analysis_T2D_Mixed,bottom-line;min_p;largest,True,3868560.0,6.936e-11,T2D,83074365,0.0208256409801241,C,bottom-line_analysis_common,0.0016,104_bottom-line_analysis_common,rs770911,5_prime_UTR_variant,"[""TPBG""]",C,0.4928,"{""AA"":0.4297,""EA"":0.3998,""EU"":0.6382,""HS"":0.5504,""SA"":0.5573}",0.0602242311196275
10:44070587:A:G,1,G,Mixed,0.0201,10,44100525,44015353,bottom-line_analysis_T2D_Mixed,bottom-line;min_p;largest,True,2850310.0,1.927e-10,T2D,44070587,0.0225648849910125,A,bottom-line_analysis_common,0.002,70_bottom-line_analysis_common,rs7075288,upstream_gene_variant,"[""ZNF239""]",A,0.2171,"{""AA"":0.6891,""EA"":0.996,""EU"":0.6859,""HS"":0.7262,""SA"":0.8303}",0.0321735117743428
20:10611063:A:G,1,G,Mixed,0.0177,20,10640043,10460056,bottom-line_analysis_T2D_Mixed,bottom-line;min_p;largest,True,3867610.0,3.55e-10,T2D,10611063,0.2109310216546476,A,bottom-line_analysis_common,0.0017,130_bottom-line_analysis_common,rs1232605,intron_variant,"[""JAG1""]",G,0.4786,"{""AA"":0.4728,""EA"":0.4633,""EU"":0.4523,""HS"":0.4683,""SA"":0.5368}",0.0091430498264365
7:130025713:G:A,1,A,Mixed,-0.1216,7,130025714,129959276,bottom-line_analysis_T2D_Mixed,bottom-line;min_p;largest,True,247086.4,4.647e-10,T2D,130025713,0.6972090439716808,G,bottom-line_analysis_common,0.0195,172_bottom-line_analysis_common,rs77792157,missense_variant,"[""CPA1""]",A,0.0022,"{""EA"":0.002447}",0.0
2:239865055:A:G,1,G,Mixed,-0.0195,2,239900776,236812621,bottom-line_analysis_T2D_Mixed,bottom-line;min_p;largest,True,3829890.0,9.174e-10,T2D,239865055,0.0646740232858204,A,bottom-line_analysis_common,0.0018,95_bottom-line_analysis_common,rs4511740,intergenic_variant,"[""TWIST2""]",G,0.2328,"{""AA"":0.2216,""EA"":0.3562,""EU"":0.2276,""HS"":0.1801,""SA"":0.1636}",-3.430069458892797e-05
8:67199420:G:A,1,A,Mixed,-0.0127,8,67209955,62636679,bottom-line_analysis_T2D_Mixed,bottom-line;min_p;largest,True,4007570.0,1.728e-09,T2D,67199420,0.066389001536883,G,bottom-line_analysis_common,0.0016,105_bottom-line_analysis_common,rs7006364,intergenic_variant,"[""CRH""]",A,0.4419,"{""AA"":0.5885,""EA"":0.4494,""EU"":0.2903,""HS"":0.3703,""SA"":0.4427}",0.0506757547531605
8:118070958:G:T,1,T,Mixed,-0.193,8,118070959,118009029,bottom-line_analysis_T2D_Mixed,bottom-line;min_p;largest,True,585160.6,1.802e-09,T2D,118070958,0.8294077181288741,G,bottom-line_analysis_common,0.0321,163_bottom-line_analysis_common,rs147643814,intron_variant,"[""SLC30A8""]",T,0.002,"{""EA"":0.0099}",0.0
3:402165:T:A,1,A,Mixed,0.053,3,402166,399110,bottom-line_analysis_T2D_Mixed,bottom-line;min_p,True,700363.0,2.731e-09,T2D,402165,0.6385770068157577,T,bottom-line_analysis_common,0.0133,160_bottom-line_analysis_common,rs73814712,intron_variant,"[""CHL1""]",A,0.0228,"{""AA"":0.0855,""HS"":0.0014}",0.0
2:180703608:A:G,1,G,Mixed,-0.0209,2,180743411,180667929,bottom-line_analysis_T2D_Mixed,bottom-line;min_p;largest,True,2520060.0,3.274e-09,T2D,180703608,0.0999762598771392,A,bottom-line_analysis_common,0.0021,157_bottom-line_analysis_common,rs966440,intron_variant,"[""ZNF385B""]",G,0.1943,"{""AA"":0.2163,""EA"":0.0377,""EU"":0.2634,""HS"":0.2853,""SA"":0.1902}",0.0066973316711587
2:6145158:C:T,1,T,Mixed,-0.0165,2,10949683,5819725,bottom-line_analysis_T2D_Mixed,bottom-line;min_p;largest,True,3766140.0,4.044e-09,T2D,6145158,0.062228721569574,C,bottom-line_analysis_common,0.0016,132_bottom-line_analysis_common,rs2091377,downstream_gene_variant,"[""DKFZP761K2322""]",T,0.4505,"{""AA"":0.4281,""EA"":0.3988,""EU"":0.4354,""HS"":0.464,""SA"":0.5399}",0.0331159505979995
10:944928:G:A,1,A,Mixed,0.0933,10,944929,944928,bottom-line_analysis_T2D_Mixed,bottom-line,True,44692.9,9.228e-09,T2D,944928,1.0,G,bottom-line_analysis_rare,0.0162,178_bottom-line_analysis_rare,rs536999224,intron_variant,"[""LARP4B""]",A,0.0002,"{""SA"":0.001}",0.0
8:93358075:C:CT,1,CT,Mixed,0.0208,8,93358076,93358075,bottom-line_analysis_T2D_Mixed,bottom-line,True,1020960.0,9.693e-09,T2D,93358075,1.0,C,bottom-line_analysis_rare,0.0032,175_bottom-line_analysis_rare,rs1491233260,intergenic_variant,"[""RUNX1T1""]",,,{},0.0256554686101179
9:106799418:ACT:A,1,A,Mixed,0.02,9,106799419,106799418,bottom-line_analysis_T2D_Mixed,bottom-line,True,1020960.0,2.155e-08,T2D,106799418,1.0,ACT,bottom-line_analysis_rare,0.0032,183_bottom-line_analysis_rare,rs781288573,intergenic_variant,"[""SMC2""]",,,{},0.0341461039090228
6:1848388:A:G,1,G,Mixed,-0.0405,6,5048006,1848148,bottom-line_analysis_T2D_Mixed,bottom-line;min_p;largest,True,1618780.0,3.663e-08,T2D,1848388,0.0747268908046277,A,bottom-line_analysis_common,0.0037,135_bottom-line_analysis_common,rs6596857,intron_variant,"[""FOXC1""]",A,0.0861,"{""AA"":0.9175,""EA"":0.7679,""EU"":0.994,""HS"":0.9914,""SA"":0.9223}",0.0108896058086352
6:73426228:C:T,1,T,Mixed,0.1022,6,73447482,73347739,bottom-line_analysis_T2D_Mixed,bottom-line;min_p;largest,True,938483.7,4.057e-08,T2D,73426228,0.0268480027819009,C,bottom-line_analysis_common,0.0186,122_bottom-line_analysis_common,rs78229582,intron_variant,"[""KCNQ5""]",T,0.014,"{""AA"":0.0454,""EU"":0.002,""SA"":0.0082}",0.0048780487804877
9:22167959:A:T,1,T,Mixed,0.1511,9,22167960,22167959,bottom-line_analysis_T2D_Mixed,bottom-line;min_p;largest,True,782918.25,4.381e-08,T2D,22167959,1.0,A,bottom-line_analysis_common,0.0276,169_bottom-line_analysis_common,rs140688883,intergenic_variant,"[""CDKN2B""]",T,0.0036,"{""EA"":0.0179}",0.0
6:39135628:C:T,1,T,Mixed,0.1357,6,39135629,39135628,bottom-line_analysis_T2D_Mixed,bottom-line,True,637579.0,4.603e-08,T2D,39135628,1.0,C,bottom-line_analysis_common,0.031,156_bottom-line_analysis_common,rs77558211,intergenic_variant,"[""SAYSD1""]",T,0.0064,"{""AA"":0.0242}",0.0
2:37063240:C:CT,1,CT,Mixed,0.0167,2,39113456,36769028,bottom-line_analysis_T2D_Mixed,bottom-line;min_p;largest,True,1398840.0,4.621e-08,T2D,37063240,0.0697319705160738,C,bottom-line_analysis_common,0.0024,140_bottom-line_analysis_common,rs35050623,intergenic_variant,"[""AC007382.1""]",T,0.3544,"{""AA"":0.1225,""EA"":0.3175,""EU"":0.5308,""HS"":0.5389,""SA"":0.3937}",0.0158417310991089
